"","time","LHY","CRY2","CRB","PIF3","PHYA","ARR4","ATAN11","CCR1","STIPL1","ELF4-L4","RVE7","GI","APT1","HESP","PAP1","ARR3","FT","FKF1","STN7","AT1G68850","TCP15","ELF4-L2","FRS4","SKIP","CCR2","ELF4-L3","PCH1","ERD7","MPK7","PHYB","LKP2","FIO1","XCT","GRP7","AT2G23070","CKA3","ELF3","ELF4-L1","TEJ","FRS2","COP1","AT2G35970","AT2G37000","AT2G37130","ELF4","RR3","COR15A","PIF4","FRF4","CKB4","SPA1","PRR9","CCA1","AT3G01060","WNK1","TBL10","A/N-InvC","FRF2","COL9","RVE8","SPY","LNK3","CYP72A8","ARC5","JMJD5","BBX31","FHY3","PCC1","TIC","GATA1","LWD2","PHOT1","LUX","PTAC16","RR5","BT2","CKA2","SEX4","LNK2","BME3","AT3G55960","AT3G56480","ARR9","PAR2","PIF5","FRF1","CKB3","PEX11E","HAM3","CUL1","AT4G02630","SRF3","SFR6","GSL1","CRY1","AT4G09970","DET1","FRF3","SHM4","FAR1","BBX30","CKB2","APRR2","KAT2","FRS1","TSF","PRXR1","ZIM","FSD1","CBF2/DREB1C","CBF3/DREB1A","CBF1/DREB1B","CGA1","FIM1","PHR1","VEL1","SMXL2","SKB1","GATA9","GATA3","GATA7","SPT","AT4G37520","SHM1","BBX19","OHP","PRR7","RVE4","NFXL2","TCP11","FLC","HY5","AT5G12050","TT4","CO","COL1","RVE1","RUP2","PRR5","GATA12","RVE2","CKB1","LATE","GA20OX2","CBF4/DREB1D","RUP1","LTI78","RVE6","ATIM","GNC","ZTL","PHOT2","SRR1","BOA","PRR3","TOC1","CDF1","UVR8","PRX71","LNK1","LIP1","CKA1"
"1",0,"0","0","0","0","0","0","0","0","0","0","0","0","0","0","0","0","0","0","0","0","0","0","0","0","0","0","0","0","0","0","0","0","0","0","0","0","0","0","0","0","0","0","0","0","0","0","0","0","0","0","0","0","0","0","0","0","0","0","0","0","0","0","0","0","0","0","0","0","0","0","0","0","0","0","0","0","0","0","0","0","0","0","0","0","0","0","0","0","0","0","0","0","0","0","0","0","0","0","0","0","0","0","0","0","0","0","0","0","0","0","0","0","0","0","0","0","0","0","0","0","0","0","0","0","0","0","0","0","0","0","0","0","0","0","0","0","0","0","0","0","0","0","0","0","0","0","0","0","0","0","0","0","0","0","0","0","0","0","0","0","0","0"
"2",0.25," 0.07864900"," 0.23741000","-0.11614000"," 0.10616000"," 0.14071000","-0.34176000"," 0.00104920"," 0.14833000"," 0.13448000"," 0.03575300","-0.48153000"," 0.71237000","-0.20150000","-0.03162500"," 3.23880000"," 0.00000000","-0.48516000"," 1.75570000"," 0.10305000"," 0.00000000"," 0.30250000","-0.00887330"," 0.12942000"," 0.10182000"," 0.44934000"," 0.52115000"," 0.03271900"," 1.54690000"," 0.32901000"," 0.40393000"," 0.20417000"," 0.25767000","-0.06767900"," 0.14819000","-0.14106000","-0.01015300"," 0.08611700"," 0.19414000"," 0.23139000"," 0.18805000"," 0.20851000","-0.93700000","-1.20730000"," 0.45956000"," 0.50717000","-0.24239000","-0.12821000","-0.01808100","-0.05101300"," 0.06149500"," 0.29899000"," 0.29899000"," 0.08625700"," 0.00995570"," 0.20900000","-0.05255000"," 1.41460000","-0.19574000"," 0.09850300"," 0.14231000"," 0.14221000"," 0.02068300"," 0.49054000"," 0.14410000","-0.00621840"," 0.05054500"," 0.21669000","-0.74310000"," 0.43026000"," 0.00168540","-0.24472000"," 0.15425000","-0.26964000","-0.06914300","-0.77079000","-0.01148600","-0.02180900"," 0.45881000"," 0.06886300","-0.51417000","-0.04714600","-0.07928300","-0.32402000","-0.90859000","-0.02500900"," 0.04514600","-0.09331800"," 0.16138000"," 0.12710000"," 0.16072000","-0.01498500","-0.08881900"," 0.32158000"," 0.36109000"," 0.09117100","-0.14839000"," 0.06192900"," 0.06254400"," 0.02022900"," 0.10517000"," 0.98542000"," 0.03411200"," 0.17378000"," 0.16896000"," 0.23251000","-0.55480000"," 0.50856000","-0.03027300","-0.05726900","-0.57264000"," 0.43094000"," 0.98530000","-0.33962000"," 0.19933000"," 0.05400200"," 0.19861000"," 0.03463800"," 0.07171300","-0.43477000"," 0.18246000","-0.11585000","-0.14343000","-0.21325000"," 0.06768400","-0.01131200","-0.17281000"," 0.46671000","-0.05749600"," 0.18245000","-0.43782000","-1.00460000","-0.01351300","-0.55494000","-0.00492750"," 0.14023000","-0.30965000","-0.11411000","-0.02746000"," 1.11330000","-0.07423000","-0.40649000"," 0.00383140","-0.39363000"," 0.00000000"," 1.31680000"," 0.49327000"," 0.57638000"," 0.14327000"," 0.09634100","-0.00510330"," 0.11876000"," 0.26906000","-0.05539600","-0.37176000"," 0.45218000"," 0.35436000","-0.07270500"," 0.16173000"," 0.10050000"," 0.25717000","-0.00065669","-0.09966400"
"3",0.5,"-0.03097500"," 0.08318400","-0.08288600"," 0.10516000"," 0.18694000","-0.38052000","-0.01997800"," 0.06164100"," 0.29719000","-0.04177200","-0.93303000","-0.01532000"," 0.08628500","-0.05412300"," 0.82092000"," 0.00000000","-0.43424000"," 0.54496000"," 0.00033454","-3.58740000","-0.33888000","-0.27197000"," 0.27403000"," 0.16805000"," 0.38453000"," 1.05690000","-0.03171100","-1.00770000","-0.05685200"," 0.29371000"," 0.34974000"," 0.24760000","-0.01740200"," 0.08116700"," 0.01020600","-0.10464000"," 0.16906000","-0.64153000","-0.39047000"," 0.11848000"," 0.08816200"," 0.23292000"," 1.56470000"," 0.14478000","-0.17768000","-0.12478000","-0.47930000"," 0.44662000","-0.06686800","-0.17380000"," 0.13504000","-0.21197000","-0.08827900","-0.02872900"," 0.09149400","-0.14851000"," 2.07740000","-0.49770000","-0.04732500"," 0.07159900"," 0.16986000","-0.08372800"," 0.68754000"," 0.12012000","-0.09610100"," 0.24535000"," 0.17366000","-0.07423500"," 0.18337000","-0.14493000"," 0.11258000"," 0.09580600","-0.19249000","-0.08361500","-0.19681000"," 1.41590000","-0.13268000","-0.03609800","-0.00379380","-0.61560000","-0.17833000","-0.20089000","-0.24194000","-0.78444000","-0.34498000"," 0.02579800","-0.19888000","-0.05387800"," 0.08955300"," 0.15032000","-0.07662700","-0.06460400"," 0.24087000"," 0.21760000","-0.05843500","-0.18826000"," 0.10175000"," 0.11641000"," 0.13663000"," 0.03669000"," 1.07930000","-0.12519000","-0.02468400"," 0.19243000"," 0.03820100","-0.62249000"," 0.10918000"," 0.04059500","-0.19369000","-0.80520000","-1.51380000","-1.41610000","-0.25858000","-0.02729900","-0.07736800"," 0.08507800","-0.08685200"," 0.30742000","-0.53823000","-0.30119000","-0.43211000","-0.00709140","-0.18246000","-0.02452100","-0.25593000","-0.26031000"," 0.14568000","-0.05748700"," 0.20445000","-0.29019000","-0.02196700","-0.06283000","-0.70098000"," 0.03836900","-0.19992000","-0.90769000","-0.24621000","-0.13687000"," 0.96584000","-0.16701000","-0.04601500","-0.01841900"," 0.42697000"," 0.42340000","-1.52620000"," 0.36554000","-0.16906000"," 0.15845000"," 0.23082000","-0.01175600"," 0.12895000"," 0.12239000"," 0.08106300","-0.07560900","-0.32159000","-0.18088000","-0.49605000"," 0.11354000","-0.90673000"," 0.09504000"," 0.10282000","-0.05837300"
"4",1," 0.07146700","-0.24733000","-0.03909500"," 0.67360000"," 0.28539000","-0.42746000","-0.36818000"," 0.29771000","-0.01685400","-0.56388000","-1.37770000"," 0.12500000"," 0.08629500"," 0.06780000"," 2.19920000","-0.28910000","-0.38988000"," 1.82750000","-0.05402500"," 0.00000000","-0.20655000","-0.84753000","-0.01044100"," 0.18060000"," 1.58360000"," 2.49930000"," 0.02575800","-0.05152400"," 0.03679300"," 0.86805000"," 0.41264000","-0.20379000","-0.00034455"," 0.33459000"," 0.11648000","-0.13215000","-0.05807900","-0.70500000","-0.63690000"," 0.71397000"," 0.05491700"," 0.52094000","-0.28552000"," 1.08340000"," 0.20091000"," 0.26251000","-0.20603000"," 0.53892000","-0.02828200","-0.24763000"," 0.44336000","-0.42821000","-0.34361000"," 0.05943400"," 0.50625000","-0.58215000"," 2.72710000","-0.80727000","-0.07820900"," 0.38617000"," 0.27358000","-0.34953000"," 0.49588000"," 0.59300000","-0.10337000"," 1.72220000"," 0.26353000","-1.06080000","-0.18229000","-0.05961400","-0.40270000"," 0.30600000","-0.52198000","-0.11134000"," 0.23819000"," 1.38200000","-0.11861000","-0.14893000"," 0.08583800"," 0.35757000","-0.63315000","-0.09120800","-0.19364000","-0.34113000","-0.56510000","-0.04330500","-0.30310000"," 0.02193500"," 0.40998000"," 0.29803000"," 0.03341200"," 0.89115000","-0.05188600"," 0.30951000","-0.36765000","-0.06190400"," 0.12823000","-0.80730000"," 0.32683000"," 0.21849000"," 0.94341000","-0.10427000"," 0.05624900"," 0.37585000","-0.39093000","-0.98158000"," 0.04314000","-0.14550000","-0.01752600","-0.74683000","-0.47232000","-0.84824000","-1.84470000"," 0.63228000"," 0.00216750"," 0.37555000","-0.23709000"," 0.39827000","-0.73661000","-0.55904000","-0.94149000"," 0.39513000"," 0.06100600"," 0.07925900","-0.35639000","-0.26001000"," 0.06032500"," 0.05003900","-0.07402700","-0.60659000","-2.67660000","-0.66494000","-1.81250000"," 0.21405000","-1.37460000","-1.80570000","-0.11917000","-0.17143000"," 1.21220000"," 0.19046000","-0.51533000","-0.08625300","-0.57119000"," 0.00000000","-0.36055000"," 0.32981000"," 0.51169000"," 0.81129000"," 0.50013000","-0.90585000"," 0.03602600"," 0.30215000"," 0.15515000"," 0.36187000"," 0.62888000","-0.23822000"," 0.16056000"," 0.32479000","-1.26440000"," 0.13877000","-0.14850000","-0.06912000"
"5",1.5,"-0.1265400","-0.2108300"," 0.0838240","-0.3856200","-0.5306100"," 0.1813000","-0.0604190"," 0.7292100"," 0.2914000","-0.3603200","-0.3614500","-0.4808200"," 0.0950470"," 0.2527700"," 1.2080000","-1.9805000","-0.1773600","-0.0063039","-0.2599600"," 0.0000000"," 0.2992300","-0.2412200","-0.1695800"," 0.2675400"," 2.4123000"," 2.9120000"," 0.0245970"," 1.7765000","-0.3856900"," 0.3676400","-0.0881920","-0.2138300"," 0.1042800","-0.1936700"," 0.3046700","-0.0837000"," 0.2051700","-0.9078600","-1.0839000"," 0.1082800"," 0.0251200","-0.2486500","-0.4607200"," 1.4530000"," 0.1548600","-0.2875500"," 0.9462600"," 0.4974300","-0.1384900"," 0.0124490"," 0.4020600"," 0.1505700","-0.5020000"," 0.1095500","-0.1241500","-0.4164600"," 1.9197000","-1.1118000","-0.1240100"," 0.2246000"," 0.2047300","-0.2018500","-0.6294600"," 0.3423000","-0.3126700"," 1.0164000"," 0.1801300","-1.8682000"," 0.0495440"," 0.3541800","-0.0437950","-0.4258700"," 0.8969900","-0.0167150"," 0.5192000"," 1.2152000"," 0.1141500","-0.6410900","-0.0818070"," 0.5805600","-0.5308300","-0.4072100","-0.1302500","-0.2717000","-0.2910900"," 0.1046800"," 0.0312600","-0.0117840"," 0.3989700"," 0.2477800","-0.5301500"," 1.4641000","-0.5832300","-0.6214000","-0.3507100","-1.0469000","-0.4790600","-0.1510800"," 0.8940200","-0.2203700"," 0.5839300","-0.0230740","-0.2248600"," 0.3425400","-0.8556200","-2.2506000","-0.7570800","-0.0654250"," 0.0105780","-0.5562500","-0.4464200","-0.0929090"," 0.5610700"," 0.5055600","-0.0137060"," 0.3193200"," 0.3554600","-0.1965100","-0.2629200","-0.7875500"," 0.0989210","-0.0345560","-0.5564500"," 0.0798970","-0.3852400","-0.2000900","-0.2134200"," 0.0066288"," 0.2233600","-0.5693000"," 1.3588000","-0.7380400","-0.7294300","-0.1909100","-0.5162000","-0.4301700"," 0.3938000","-0.2264100"," 1.3327000"," 1.0786000"," 0.4299000","-0.0015584","-0.3937400"," 0.0296610"," 0.0000000"," 0.8112000"," 2.0006000"," 0.5236600","-0.3222200"," 0.1102500","-0.0998470","-0.0957530"," 0.3036000"," 0.7226800","-0.0399720","-0.4571500"," 0.7941800","-0.0166710","-1.1618000"," 0.0015938"," 0.1726100","-0.0664570"
"6",2,"-0.2778100","-0.2211400","-0.1359900","-0.1945000","-0.0595070","-0.4988800","-0.1457300"," 1.0690000"," 0.2528600","-0.2704600","-0.9505900","-0.6708100","-0.2692000","-0.0000155"," 3.4974000","-1.8961000","-1.2617000","-0.0553740","-0.0030355"," 0.0000000"," 0.9967500","-0.3414200","-0.0000573"," 0.3262900"," 1.4029000"," 4.3703000"," 0.0564730","-0.2579700","-0.0785270"," 0.7329100","-0.0430830","-0.0786990","-0.0083166","-0.7952700"," 0.2637300","-0.0376360"," 0.0794960","-0.4220000","-1.2441000","-0.4835300"," 0.1716200","-1.7046000","-0.3102600"," 1.0742000","-0.2782200","-0.0166590"," 0.0606590"," 1.0228000"," 0.0501250"," 0.1067600"," 0.7382500"," 0.3719100","-0.3378600"," 0.1792700","-0.1033900"," 0.0413220"," 2.0067000","-1.0874000","-0.4064700"," 0.4335500","-0.1425500","-0.4004200","-0.1819600"," 0.8236300","-0.3143700"," 0.8675600"," 0.2730000","-0.2134000"," 0.4060800"," 0.0326350","-0.0681940","-0.0205120","-0.3490500"," 0.0419210","-1.6335000"," 0.3767000","-0.0972200"," 0.1086900","-0.0274860","-0.6415500","-0.9497100","-0.9581100","-0.3537600","-0.7361700","-0.4367400"," 0.1646600","-0.0120060","-0.0896070"," 0.3811300"," 0.2371500"," 0.5656800"," 1.6710000","-0.4899600"," 0.2301300","-0.1827600","-1.0190000","-0.0520720","-0.3351700"," 0.8286400"," 0.0101900"," 0.7558600","-0.2389900","-0.0736690"," 0.6992700","-0.4282600","-0.9474600","-0.0089985","-0.1019600"," 0.0438210","-1.5659000","-0.6773400","-2.5505000","-2.0174000"," 0.5193200","-0.1275300"," 0.4680100","-0.1371100"," 0.2071500"," 0.0295100","-0.6907800"," 0.6333900","-0.0644830","-0.4006100"," 0.1839300","-0.3237400","-0.3224600","-0.0174230"," 0.0187540"," 0.1732000","-0.7261700"," 1.8734000","-0.8074200","-0.7801900"," 1.1958000","-0.3179500","-0.8536700","-0.2381600","-0.4248300"," 0.7579600"," 0.5203600","-0.4906300"," 0.0057041","-0.2649800"," 0.8944800"," 0.3262600"," 0.5079900"," 0.8990500"," 0.5289700","-0.2350000","-0.3951900"," 0.1184300"," 0.6654200"," 0.1069700"," 1.1008000"," 0.7468800","-1.3434000"," 1.3150000"," 0.1949100","-2.0660000"," 0.4351100"," 0.0847370","-0.0535280"
"7",3,"-0.366860"," 0.141960"," 0.184340","-0.242230","-0.625160","-0.017790"," 0.311150"," 0.896960"," 0.075376"," 0.393590"," 0.912520","-0.300490","-0.161030","-0.039916"," 2.295100","-2.370300"," 0.114410"," 0.762280"," 0.055160"," 0.000000"," 1.182400"," 0.550310","-0.245580"," 0.208300"," 1.118800"," 3.725400"," 0.351770","-0.072494"," 0.192230","-0.123910"," 0.045145"," 0.114580"," 0.220760","-0.457910"," 0.370800"," 0.236940"," 0.512710","-0.334100","-1.102700","-0.851940","-0.288120","-1.645800","-0.178090"," 2.208800","-0.024162"," 0.203420"," 1.068100"," 0.050012"," 0.264640"," 0.364580"," 0.067697","-0.030546","-0.303550"," 0.321400"," 0.267630"," 0.726480"," 1.409600"," 0.016747"," 0.209990","-0.482570","-0.305480"," 0.074168","-1.958700"," 0.158460"," 0.433190"," 0.666280","-0.012925","-3.143400"," 0.192980","-0.056173"," 0.376870","-0.171470"," 0.082138"," 0.390490","-1.252100"," 0.498380"," 0.068595"," 0.035530","-0.306390","-0.370180","-0.635160","-1.708800","-0.030484","-0.618110"," 0.097302"," 0.329000"," 0.081365"," 0.329060"," 1.189900"," 0.079778","-0.402860"," 0.970120","-0.936660","-0.592260"," 0.118410","-0.888490","-0.249040"," 0.194410"," 0.350870","-0.521420"," 0.364100"," 0.095694"," 0.050347"," 0.971480","-0.691540","-0.429490","-0.200700"," 0.155290"," 0.615050"," 1.076100"," 1.692300"," 0.128460","-2.012800"," 0.481240"," 0.060031"," 0.164390","-0.176230","-0.175260"," 0.204940","-0.416570"," 1.492900"," 0.031313","-0.035390"," 0.321600","-0.359760"," 0.537540","-0.164440"," 0.063372","-0.192300","-0.389900","-0.462810","-0.731170","-0.521280"," 1.505400","-0.158290"," 0.194600"," 1.113700","-1.012200"," 1.217300"," 0.656250"," 0.546340"," 0.241930","-0.778850","-1.150700"," 0.402530"," 0.277520"," 0.727050"," 0.414810","-0.843880","-0.160020"," 0.155410"," 0.304950"," 0.303740"," 0.783310","-0.141910","-0.809030"," 0.646770"," 0.157650","-1.402600","-0.019108","-0.105600"," 0.222380"
"8",4,"-0.02294900"," 0.21505000","-0.32489000"," 0.17688000","-0.41028000","-0.78801000"," 0.22558000","-0.05385700","-0.00919540"," 0.49060000","-0.26089000","-0.06737600","-0.04801800","-0.36282000"," 2.53180000","-2.17900000","-0.29005000"," 0.52340000"," 0.04155500"," 0.00000000","-0.02721100"," 0.17289000","-0.08506000"," 0.11966000","-0.05746600"," 3.03240000"," 0.65053000","-0.00244160"," 0.37640000","-0.07745900"," 0.12068000","-0.00053027","-0.03141900","-0.16365000"," 0.02892400"," 0.14325000"," 0.39445000"," 0.66602000"," 0.15396000","-0.22937000","-0.24705000","-0.33814000","-0.21971000"," 2.40010000"," 0.75805000","-0.12685000"," 1.16750000","-0.23634000"," 0.10794000"," 0.16427000","-0.02757200"," 0.04566400"," 0.07006300","-0.09538600","-0.16711000"," 0.39881000"," 1.11870000"," 0.01531000"," 0.77912000","-0.38606000","-0.13542000","-0.19515000"," 0.47846000","-0.24142000"," 0.03650400","-0.14362000"," 0.16040000"," 0.70154000"," 0.12573000","-0.16108000"," 0.22396000","-0.23682000"," 0.09290800","-0.04082200","-1.29940000"," 0.75632000","-0.05544600","-0.03018600","-0.35610000","-0.43158000","-0.11915000","-1.28690000","-0.82526000","-0.76057000"," 0.04465500"," 0.05993400","-0.06323300"," 0.45132000"," 0.80643000"," 0.03949700","-0.26707000","-0.20814000","-0.00375720","-0.04008200","-0.09357500"," 0.06386200","-0.20659000","-0.02494100","-0.88891000","-0.26156000"," 0.68029000"," 0.06153500"," 0.31010000"," 1.16850000"," 0.27293000"," 1.57820000","-0.04712400"," 0.37388000"," 0.12779000"," 0.03522200"," 0.79288000","-0.49991000","-1.03020000"," 0.10822000","-0.06816400","-0.20058000"," 0.06336100","-0.13677000","-0.82095000","-0.17290000"," 0.36794000"," 0.25469000"," 0.35325000"," 0.03488200","-0.03845700"," 0.00599830","-0.20408000","-0.02547200","-0.36214000","-0.35090000"," 0.03201800"," 0.48003000","-1.66890000"," 1.03040000"," 0.71803000"," 0.40057000"," 0.55842000","-0.64564000"," 0.42198000"," 0.14228000"," 0.35194000"," 0.19507000"," 0.57165000","-1.14370000"," 0.35880000"," 0.55389000"," 0.01295400"," 0.29514000","-0.48605000","-1.11610000"," 0.10523000"," 0.50425000"," 0.19274000"," 0.59662000"," 0.27079000"," 0.31887000","-0.06038300"," 0.07181000","-0.14205000","-0.11701000","-0.05360200"," 0.16060000"
"9",5," 0.08167500","-0.09535300","-0.15483000","-0.31020000","-0.45737000"," 0.45656000"," 0.13719000"," 0.39801000","-0.20516000"," 0.53345000","-0.02897400","-0.21932000"," 0.17517000","-0.09226100"," 1.72850000","-0.39858000"," 0.54231000","-0.19049000"," 0.05602600"," 0.00000000","-0.52036000"," 0.33976000","-0.23829000","-0.22054000"," 2.31990000"," 2.37510000"," 0.57526000","-0.25478000","-0.24199000","-0.11893000","-0.13243000"," 0.02599000"," 0.10782000","-0.01011700"," 0.08672700"," 0.28076000"," 0.09589400","-0.07899100"," 0.26885000","-0.22612000","-0.14133000"," 0.14524000","-0.23871000"," 0.71419000"," 0.39988000","-0.10243000","-1.03440000","-0.36246000"," 0.09105800"," 0.13825000","-0.07381000","-0.72501000"," 0.18692000","-0.22709000","-0.14740000"," 0.11509000"," 1.04540000"," 0.17646000"," 0.05077800","-0.00394110","-0.21087000"," 0.44695000"," 0.14443000","-0.41887000"," 0.00373810"," 0.69144000","-0.15582000"," 0.42323000","-0.25287000","-0.03665200"," 0.11226000","-0.40531000"," 0.16778000"," 0.03098300"," 0.00349270"," 1.21970000"," 0.12744000","-0.21290000","-0.07685600","-0.19351000"," 0.20665000","-0.69054000","-0.16108000","-0.14799000","-0.12530000"," 0.25317000"," 0.01193300"," 0.37624000"," 0.22827000","-0.18803000","-0.66070000","-0.24472000","-0.29508000","-0.13844000","-0.29368000"," 0.13464000","-0.00541080","-0.00033702","-0.36890000","-0.45809000"," 0.03299300"," 0.11460000","-0.15997000","-0.01187300"," 0.06952500"," 0.02910200","-0.30525000"," 0.13379000"," 0.06452000","-0.28751000","-0.59601000","-0.86118000","-0.64338000","-0.07249400"," 0.01273400","-0.08200500","-0.01782200","-0.19568000","-0.87714000","-0.16016000"," 0.36374000","-0.00055115"," 0.04305400","-0.02364200"," 0.17255000"," 0.56881000","-0.14952000"," 0.14042000","-0.28626000"," 0.00423330"," 2.98000000"," 0.54382000","-0.91792000","-0.06474100","-0.13651000"," 0.47733000"," 0.20025000","-0.12779000"," 0.08320000"," 0.42943000","-0.15357000","-0.07081400"," 0.00000000","-1.52110000"," 0.00000000"," 0.66520000","-1.61910000","-0.10537000"," 0.18396000","-0.64946000"," 0.05762400"," 0.21453000"," 0.22061000"," 0.43095000"," 0.01187200","-0.10577000","-0.29187000","-0.15000000"," 0.27749000","-0.32812000"," 0.04552600"," 0.11038000"
"10",6,"-0.48934000"," 0.15572000","-0.31903000"," 0.08655000"," 0.05299700"," 0.14688000"," 0.08239800"," 1.29180000","-0.03184700"," 0.32727000","-0.29810000","-0.02603100","-0.03975100","-0.17490000"," 2.48550000","-1.32490000","-0.59761000"," 0.18786000"," 0.09145900"," 0.31967000","-0.11531000"," 0.32434000"," 0.03809700"," 0.00056426"," 0.10125000"," 2.61150000"," 0.51222000"," 0.25163000"," 0.13321000"," 0.22095000"," 0.20061000"," 0.03252100","-0.05340100"," 0.39701000","-0.11983000"," 0.09044000"," 0.12499000","-0.20670000"," 0.18559000","-0.41469000"," 0.10348000","-1.01210000","-0.13398000"," 1.02630000"," 0.03463300","-0.10631000","-0.40415000"," 0.06803300"," 0.23054000"," 0.21658000"," 0.31921000"," 0.23775000","-0.16862000","-0.11227000"," 0.23451000"," 0.04894000"," 1.36840000"," 0.26960000"," 0.06486500","-0.31414000"," 0.05919600","-0.00281990"," 0.05397500"," 0.10771000","-0.07868000","-0.30954000"," 0.06247600"," 0.41958000"," 0.04426700"," 0.17027000"," 0.07732900","-0.08260200"," 0.19695000","-0.13676000","-0.16789000"," 0.14575000"," 0.02313200"," 0.02302400","-0.07257000","-0.11335000","-0.11987000","-0.56852000","-0.13895000","-0.25395000","-0.09790000"," 0.09993200","-0.11373000"," 0.11705000"," 0.22383000","-0.01061900"," 0.09360400"," 0.26698000","-0.04588000","-0.00161220"," 0.06669500"," 0.07051600"," 0.00976130","-0.05334900","-0.08002400","-0.11893000"," 0.15541000"," 0.00741800"," 0.20336000"," 0.12338000"," 0.21100000","-0.78697000"," 0.17503000"," 0.13153000","-0.05755800","-0.23619000"," 0.14618000","-0.19433000","-0.39665000"," 0.15851000"," 0.02337600"," 0.14056000"," 0.02530900","-0.21147000","-0.80619000","-0.17930000"," 0.44063000","-0.02625800","-0.49285000"," 0.00430440","-0.51861000"," 0.13021000"," 0.15130000"," 0.10580000","-0.06379400"," 0.12242000"," 0.79367000"," 0.49203000","-0.58116000"," 0.19167000","-0.33486000","-0.51886000","-0.95061000"," 0.16828000"," 0.18343000"," 0.66933000","-0.85917000","-0.13433000"," 0.00000000"," 0.13555000"," 0.09132300"," 0.17795000","-0.46196000"," 0.11606000","-0.38835000","-0.50905000"," 0.14317000"," 0.39459000","-0.03503900"," 0.00993920"," 0.14160000","-0.03556600"," 0.24506000"," 0.16888000"," 0.36907000"," 0.08585000"," 0.01770700","-0.05822400"
"11",7," 0.4889100","-0.2578800"," 0.0731780","-0.1938200","-0.5435600"," 0.7936600"," 0.1110700"," 0.9130300","-0.1954300"," 0.5465600"," 0.2946900","-0.4001900"," 0.1003500"," 0.1767200"," 0.5870200"," 0.8676700","-0.2547600","-0.1672600","-0.0773590","-3.7546000","-0.6405300"," 0.0154970","-0.3958800","-0.2129600"," 0.5784400"," 2.4213000"," 0.4092300","-0.3534300","-0.2177700","-0.1977700","-0.2708500"," 0.1018900"," 0.1177200"," 0.2187000"," 0.0802570"," 0.1502100","-0.0053448","-0.4896300","-0.1206300","-0.3252100","-0.3264000","-0.4718700"," 0.3628500"," 0.4768900"," 0.4008800"," 0.0723410","-0.3099000","-0.1265800"," 0.1107200","-0.0729110","-0.2273600","-0.8232900"," 0.2113200"," 0.0100330","-0.1545900","-0.0209300"," 1.2743000"," 0.0745070","-0.0589750","-0.2698500","-0.2884200","-0.5130600"," 0.7139300","-0.2563600"," 0.0063119"," 0.7710900","-0.3318000"," 1.1139000","-0.3616100"," 0.0316350"," 0.1339100","-0.5556500"," 0.2013400"," 0.3334100"," 0.0175270"," 0.5687400"," 0.0774280","-0.2862100","-0.2575100","-0.1319200","-0.1361900","-0.4194200"," 0.4615700","-0.0495990","-0.4989400"," 0.1357100"," 0.0504150"," 0.0773480"," 0.3327300","-0.3138900","-0.4437500","-0.1606100","-0.2871400","-0.2010900","-0.5934800"," 0.0203860","-0.0258860","-0.0936110"," 0.0491630","-0.2998400"," 0.7600400","-0.0784110","-0.2094200"," 0.0372510"," 0.0132460","-0.0107020","-0.4248400"," 0.0295610"," 0.1360800","-0.5912300","-0.2889000","-0.2906200"," 0.6301200"," 0.0037056","-0.0527770","-0.3219200","-0.2475200","-0.0633680","-0.7152200","-0.3772600"," 0.3922000"," 0.0648700","-0.3858800"," 0.1285200","-0.5239400"," 0.5234900","-0.3547800","-0.0539480","-0.2567800"," 0.4048400","-0.1850800"," 0.7693800"," 0.0403140","-0.1167700","-0.1172100"," 0.2122400"," 0.4083500","-0.0290600"," 0.0485640"," 0.5003200","-0.0901980","-0.0054196"," 0.2155300","-0.3184200","-0.6355900"," 0.5117800","-0.9687500","-0.1926800","-0.1824200","-0.5135400","-0.1175300","-0.1072000"," 0.2699100","-0.1978000","-0.2452100","-0.2053600"," 0.0147370","-0.1024100"," 0.9263300","-0.5014200"," 0.1821800","-0.0160240"
"12",8," 0.0350550"," 0.2070900","-0.6089600","-0.0011243","-0.2256500"," 0.2132800"," 0.1449000"," 0.7685000"," 0.0558470"," 0.5029400"," 0.7306200","-0.1986000","-0.0142640","-0.2111600"," 1.3645000"," 0.4264600"," 0.6515700","-0.1231300","-0.1577600"," 0.0000000","-0.7786100"," 0.3578700","-0.1312500"," 0.1416600"," 1.7976000"," 2.5339000"," 0.3887400","-0.0030168"," 0.1555400","-0.1575200"," 0.0347240","-0.1427000"," 0.1115800"," 0.2164400"," 0.1064100"," 0.2511900"," 0.0654820"," 0.3171200","-0.0070537"," 0.4844500","-0.4155400"," 1.1339000"," 0.2400900"," 1.1425000"," 0.5165300","-0.5714500","-1.1461000","-0.4340100"," 0.1067300"," 0.1139100"," 0.1079200"," 0.4927700","-0.2559400","-0.6955100"," 0.1434300"," 0.1682300"," 1.2510000","-0.5804800","-0.0101770","-0.1348700","-0.2219300"," 0.0187550"," 0.7205100","-0.6823000","-0.1980600","-0.4344400","-0.0067677"," 1.0225000","-0.0475840"," 0.1636300"," 0.2969100","-0.7939600"," 0.4982200","-0.1679500","-0.2868100","-0.0017895"," 0.1644200","-0.2456900","-0.1196100"," 0.5147700"," 0.2063900","-0.8163800","-0.4901100","-0.3717900","-0.0720630"," 0.3657600"," 0.0425960"," 0.4537800"," 0.0622850"," 0.0383110","-0.9041600","-0.6010700","-0.1227600","-0.1454000","-0.1317600","-0.2554700","-0.2509600"," 0.3063200","-0.5851300","-0.2819100"," 1.8926000"," 0.0055126","-0.1340000"," 0.4998600"," 0.4204500"," 0.3413300","-0.4456900"," 0.1481600","-0.2165400"," 0.1725800","-0.8511500","-0.4466800"," 0.5368400"," 0.2975600"," 0.1855000","-0.1551200"," 0.1679500","-0.3463100","-0.7709700","-0.3532500","-0.1635300"," 0.0248690"," 0.7144100","-0.2242400","-0.1443500","-0.0627470"," 0.0969220","-0.2665900"," 0.0073090","-0.4465300"," 1.0682000"," 0.9044700","-0.4766700","-1.8820000","-0.3038600"," 0.1923300"," 0.0986530"," 0.0092866"," 0.5887100","-0.0458350","-0.0690220"," 0.2555000","-0.2873000","-0.4897800"," 0.2766600"," 0.5415800","-1.1840000"," 0.2121600"," 0.2443600","-0.5538200"," 0.0323490","-0.0953180"," 0.2579200"," 0.4051100","-0.2771300"," 0.2602100","-0.0196930","-0.1444500"," 0.5567700"," 0.0309390"," 0.1955200"," 0.0572690"
"13",10," 0.10067000","-0.12072000","-0.50281000"," 0.09554000","-0.30262000","-0.34082000","-0.22923000"," 0.49875000"," 0.07124000","-0.06609900"," 1.05120000"," 0.58142000"," 0.07542700"," 0.14449000"," 4.18510000"," 0.31839000","-0.60494000","-0.34309000","-0.06981100"," 0.00000000","-0.41222000"," 0.13430000","-0.02499000","-0.13301000"," 2.76500000"," 2.05990000","-0.00077561"," 0.31912000"," 0.27009000"," 0.05677200","-0.17719000","-0.35267000"," 0.07938600","-0.45608000","-0.03273300"," 0.18465000","-0.31941000"," 1.53160000"," 0.00246650"," 0.28270000","-0.24477000"," 1.24920000","-0.20853000"," 1.24730000"," 0.30174000","-0.59875000","-0.94901000","-0.20854000"," 0.04749100"," 0.30858000"," 0.00109180"," 1.56870000"," 0.38189000","-0.11128000","-0.23549000"," 0.01250400"," 1.20000000","-0.13122000","-0.50465000"," 0.20641000","-0.22990000"," 1.00950000"," 0.60112000","-0.36784000","-0.53741000"," 0.34576000","-0.04718600"," 1.49500000","-0.21133000"," 0.05678900"," 0.15113000","-0.62770000"," 0.21119000","-0.40881000","-0.49082000","-0.89676000","-0.04277000","-0.03644100"," 0.44200000"," 0.51792000"," 0.13770000","-0.94183000","-0.53741000","-0.88113000","-0.21974000"," 0.04401600","-0.01392900"," 0.37771000","-0.03680500"," 0.01554700","-0.36439000","-0.35260000"," 0.11532000","-0.30657000","-0.32584000","-0.01703400","-0.00689930"," 0.40888000"," 0.00832970","-0.28048000"," 0.26477000"," 0.02010600","-0.27833000","-0.26720000"," 0.06256400"," 0.04738300","-0.18293000"," 0.14688000"," 0.17221000"," 0.13641000"," 0.82570000","-0.51518000","-0.78593000","-0.27679000"," 0.07648200","-0.45579000","-0.17326000","-0.33128000","-0.82996000"," 0.08833000"," 0.17788000","-0.08234200"," 0.32179000","-0.28474000"," 0.05060000"," 0.02480800"," 0.70868000","-0.58715000","-0.13425000","-0.53710000"," 0.46771000"," 0.23286000","-0.88122000"," 0.56120000","-0.30099000"," 0.38360000"," 0.06791700"," 0.33463000"," 0.38083000","-0.02456800","-0.30250000"," 0.17114000"," 0.00000000"," 0.05994400","-0.41616000"," 0.37613000"," 0.33541000"," 0.20093000","-0.24604000","-0.74301000","-0.23432000"," 0.06070000"," 0.13830000","-0.39288000","-0.13995000","-0.10328000"," 0.25298000","-0.25874000"," 2.17110000"," 1.00150000"," 0.05592500","-0.26953000"
"14",12," 0.3162900","-0.0855930"," 0.1502100","-0.1386900"," 0.0669630"," 0.4831800"," 0.0228810"," 0.2737100","-0.0931390","-0.2017100","-0.0497170","-0.0190800","-0.2392400"," 0.1557100"," 0.9641500","-0.5762400","-0.3997200","-0.2493500"," 0.0623720"," 2.9129000","-0.4139600","-0.2147500","-0.2015800"," 0.0342700"," 0.1247000"," 2.1100000"," 0.1667900","-0.9287600","-0.4213200"," 0.2978000","-0.1966800"," 0.3604100","-0.0013304"," 0.0033179"," 0.1295600","-0.0795180"," 0.0190430","-0.6847000","-0.8758800","-0.1389400"," 0.0283650","-1.0542000"," 0.8503400"," 0.2813900","-0.4992300"," 0.4879700","-1.2396000"," 0.0038385"," 0.2858800","-0.2652200"," 0.2286300"," 0.2166400","-0.0877010"," 0.2784800"," 0.3432700","-0.2650700"," 1.6029000","-0.1052900"," 0.1300300"," 0.4368100"," 0.0572610","-0.0731490","-0.0324240"," 0.2147300","-0.1091100"," 0.5633400","-0.1738700","-0.5921000","-0.1016700","-0.1672900","-0.0885300"," 0.1975900","-0.1731100"," 0.1856100","-0.4934500"," 2.0253000","-0.1448200","-0.4269200","-0.0732630","-0.6679300","-0.2739400","-0.2734700"," 1.0296000","-0.0763470","-0.4594500","-0.1375600","-0.1246400","-0.3069100"," 0.0158140","-0.1426600"," 0.1435000"," 0.2401700","-0.2943100"," 0.1355300","-0.2873800","-0.3048200","-0.0932560","-0.3052400"," 0.2907300"," 0.2819900","-0.0746340","-0.1450300","-0.3752000"," 0.1646300","-0.3743600","-1.3703000"," 0.2524700","-0.1283900","-0.2809300","-0.1909800","-0.6368000","-0.7688300"," 1.3400000"," 0.4592600","-0.0209110","-0.0566810","-0.0210430"," 0.2278300","-0.4804900","-0.6103000"," 0.4744200","-0.1884800","-1.5280000"," 0.1797700","-0.4575900"," 0.2464300","-0.2767900","-0.0385050","-0.1102100"," 0.2338000","-2.2851000"," 0.0231190","-0.1781800"," 0.6373400"," 0.0929140","-0.2299600","-0.0539840","-0.0067725"," 0.4906700"," 0.2925500"," 0.3892400","-0.0146910"," 0.0000000"," 0.4109000"," 0.0000000"," 0.5189500","-0.6034600","-0.2193400","-0.0774540"," 0.1956100","-0.0115680"," 0.4944900"," 0.0758470","-0.2954300","-0.0766500","-0.4651100"," 0.1528000"," 0.0839420","-1.1408000","-0.4525200","-0.2372600","-0.1124000"
"15",16,"-0.0056261"," 0.0407520","-0.1888700","-0.0610050"," 0.2710200","-0.3780300","-0.2503900"," 0.0492220"," 0.0181370","-0.2985900","-0.2592100"," 0.9843700","-0.3115400","-0.0507210"," 2.6065000"," 0.0743250","-0.3354300"," 0.3698700","-0.1000600"," 0.2766000","-0.1947100","-0.1295000"," 0.0996320"," 0.0415640","-0.1951300"," 1.1233000","-0.2462100","-0.8130000","-0.1152700"," 0.3999400","-0.0441500"," 0.1868300","-0.1664200"," 0.0587450","-0.1078700","-0.1795400","-0.0728980","-0.7750800","-0.6405500"," 0.1352000"," 0.0518590","-1.6209000","-0.7053000"," 0.2637000","-0.8596800","-0.1194900"," 0.1928700","-0.2634300"," 0.1384200","-0.3087100"," 0.2453800"," 0.7367600","-0.0168760"," 0.0680600"," 0.2175700","-0.1025800"," 0.8897000","-0.0869760","-0.0848070"," 0.1818500"," 0.1164200","-0.0390320","-0.1082300"," 0.4207300"," 0.1511100","-0.1296400"," 0.0650410","-1.8192000"," 0.1914900","-0.0121500","-0.1340400"," 0.0751910","-0.1520300"," 0.1399900","-0.6937600","-0.1777900","-0.2207400"," 0.2938600"," 0.1675500","-0.4785600","-0.2099600","-0.2057800"," 0.0427070","-1.0046000","-0.2080000","-0.2034600","-0.2190100","-0.4421100","-0.2090900"," 0.0070507"," 0.2196500"," 0.0954450"," 0.0543360"," 0.3698800"," 0.0627980","-0.2725900","-0.0848950","-0.3251400","-0.0103140"," 0.2242000"," 0.1937600","-0.1907200","-0.0325630"," 0.1036200","-0.1681600","-1.0302000"," 0.7119900","-0.1462300"," 0.0136330","-1.0006000","-0.0852710","-0.3869800","-0.3460900"," 0.2123600","-0.0365690","-0.0557630"," 0.1191200"," 0.2131700","-0.0864480","-0.2400200"," 0.0169080"," 0.1127700","-1.1975000"," 0.0724980","-0.1011800","-0.2202200"," 0.1545300"," 0.0380960"," 0.0101470"," 0.1762900","-1.0113000","-0.2579000","-0.1942400"," 0.1725500","-0.3345400","-0.4560100","-0.1181800","-0.1966200"," 0.1916300","-0.1198800","-0.0058443","-0.1265500"," 0.4832400","-0.9463300"," 0.0553290"," 0.3130100","-0.0587860","-0.1006800","-0.2510400","-0.0788040","-0.0070058"," 0.4711100","-0.0202690"," 0.1923200"," 0.3291500","-0.2182000","-0.0000532"," 0.0952620","-1.0263000"," 0.2259200","-0.1117700","-0.2141300"
